database,workload,workload_label,threads,record_count,dataset_label,series,throughput_ops_sec_mean,throughput_ops_sec_std,read_avg_latency_us_mean,read_p95_latency_us_mean,read_p99_latency_us_mean,update_avg_latency_us_mean,update_p95_latency_us_mean,update_p99_latency_us_mean,avg_cpu_percent_mean,max_cpu_percent_mean,avg_mem_usage_mb_mean,max_mem_usage_mb_mean,total_blk_read_mb_mean,total_blk_write_mb_mean,avg_cpu_percent_std,avg_mem_usage_mb_std,insert_avg_latency_us_mean,insert_avg_latency_us_std,insert_ok_mean,insert_ok_std,insert_ops_mean,insert_ops_std,insert_p95_latency_us_mean,insert_p95_latency_us_std,insert_p99_latency_us_mean,insert_p99_latency_us_std,load_duration_sec_mean,load_duration_sec_std,max_cpu_percent_std,max_mem_usage_mb_std,min_cpu_percent_mean,min_cpu_percent_std,min_mem_usage_mb_mean,min_mem_usage_mb_std,operation_count_mean,operation_count_std,read_avg_latency_us_std,read_max_latency_us_mean,read_max_latency_us_std,read_min_latency_us_mean,read_min_latency_us_std,read_ok_mean,read_ok_std,read_ops_mean,read_ops_std,read_p95_latency_us_std,read_p99_latency_us_std,record_count_mean,record_count_std,rmw_avg_latency_us_mean,rmw_avg_latency_us_std,rmw_ops_mean,rmw_ops_std,rmw_p95_latency_us_mean,rmw_p95_latency_us_std,rmw_p99_latency_us_mean,rmw_p99_latency_us_std,run_duration_sec_mean,run_duration_sec_std,runtime_ms_mean,runtime_ms_std,threads_mean,threads_std,total_blk_read_mb_std,total_blk_write_mb_std,total_net_rx_mb_mean,total_net_rx_mb_std,total_net_tx_mb_mean,total_net_tx_mb_std,update_avg_latency_us_std,update_max_latency_us_mean,update_max_latency_us_std,update_min_latency_us_mean,update_min_latency_us_std,update_ok_mean,update_ok_std,update_ops_mean,update_ops_std,update_p95_latency_us_std,update_p99_latency_us_std,num_repetitions
mongodb,workload_a,Workload A (Update Heavy),10,1000000,1 GB,workload,31074.39996469424,840.3757830989172,293.9161072381444,592.6666666666666,1023.6666666666666,309.6798300908608,618.6666666666666,1044.3333333333333,408.1456579483817,575.2974783164095,2047.8723958333333,2047.9869791666667,474.34765625,882.75,16.603915426621597,0.17203398778286214,0.0,0.0,0.0,0.0,0.0,0.0,0.0,0.0,0.0,0.0,22.006195147832234,0.8718738880852608,17.240009192796993,0.012556836928376242,240.99383758035378,20.971774615392892,2047.7578125,0.3518228202874282,100000.0,0.0,9.912616824693902,39636.333333333336,4786.897673162999,87.66666666666667,1.5275252316519468,50066.666666666664,230.35913989536715,50066.666666666664,230.35913989536715,43.52393977265079,112.32245248984432,1000000.0,0.0,0.0,0.0,0.0,0.0,0.0,0.0,0.0,0.0,3.3270402749379477,0.08357767407293362,3219.6666666666665,87.84266237616738,10.0,0.0,39.761619357130904,210.81884730736218,20.62105878194173,0.5534852237309557,50.339563051859535,1.6800671969372565,8.000707325008324,39679.0,4109.477825709733,105.33333333333333,2.516611478423583,49933.333333333336,230.35913989536715,49933.333333333336,230.35913989536715,32.50128202599604,75.26840860104147,3
mongodb,workload_b,Workload B (Read Heavy),10,1000000,1 GB,workload,36117.80234884872,1059.7882821591659,255.5046364661239,509.6666666666667,782.0,305.22459587225893,591.3333333333334,936.3333333333334,313.8043400964754,410.72300228321063,1956.5208333333333,2016.7018229166667,409.0325520833333,1.1510416666666667,17.63662010787304,157.82241861830755,0.0,0.0,0.0,0.0,0.0,0.0,0.0,0.0,0.0,0.0,20.72584819793701,1.0102451805090709,43.402020521421946,53.99703241365024,216.88567790974014,9.330784167875102,1896.33984375,261.647935644776,100000.0,0.0,7.797780168086015,30148.333333333332,5449.8812219472575,84.33333333333333,1.5275252316519468,95041.66666666667,155.99465802819446,95041.66666666667,155.99465802819446,17.473789896108208,33.8673884437522,1000000.0,0.0,0.0,0.0,0.0,0.0,0.0,0.0,0.0,0.0,2.8753809134165444,0.07775340397487485,2770.3333333333335,82.59136355172575,10.0,0.0,100.16132169946309,0.03989987876574105,19.55581219991048,0.15319034438728996,99.56871064503987,0.928794862011644,10.910814863348486,29849.666666666668,5804.325743213705,126.0,7.54983443527075,4958.333333333333,155.99465802819446,4958.333333333333,155.99465802819446,26.08320021265284,57.361427225386684,3
mongodb,workload_f,Workload F (Read-Modify-Write),10,1000000,1 GB,workload,23759.770830977184,611.3914999187734,264.8622666666667,506.0,825.6666666666666,270.35338837646856,447.3333333333333,728.0,308.7091418196414,557.8502338756424,2047.6940104166667,2047.9791666666667,563.5182291666666,981.7200520833334,19.307960468639777,0.2223590853226394,0.0,0.0,0.0,0.0,0.0,0.0,0.0,0.0,0.0,0.0,20.7739470799764,1.12838045236221,12.543766183530508,0.02004531812283939,128.3488484089668,54.05158220717423,2047.3684895833333,0.5008588408429274,100000.0,0.0,1.8840272166116323,95913.66666666667,89028.12547354534,88.0,2.6457513110645907,100000.0,0.0,100000.0,0.0,14.52583904633395,29.50141239556732,1000000.0,0.0,537.7851737428913,23.786999052911547,50040.666666666664,161.4197426999973,909.3333333333334,29.56912804486012,1411.6666666666667,37.072002014098636,4.322540362675984,0.11179009652147269,4210.666666666667,109.12531023247234,10.0,0.0,8.640336559004202,146.98108309175214,35.51357078552246,0.21709557393912132,117.64916706085205,0.7489168108327899,23.49484823078286,138503.0,112176.60675916348,100.33333333333333,2.3094010767585034,50040.666666666664,161.4197426999973,50040.666666666664,161.4197426999973,12.013880860626733,30.805843601498726,3
cassandra,workload_a,Workload A (Update Heavy),10,1000000,1 GB,workload,21130.469630717267,1111.2719236414443,259.66703328397114,576.3333333333334,1123.0,189.38757539290705,396.0,750.6666666666666,186.27188028288083,283.54605253314014,2018.029079861111,2039.9231770833333,458.6549479166667,123.58333333333333,37.07600337308234,27.722525965934125,0.0,0.0,0.0,0.0,0.0,0.0,0.0,0.0,0.0,0.0,19.415746450424194,1.7777306211677641,82.33101040073308,13.719182290787764,15.106583995019918,24.803164920256705,1986.9479166666667,46.29080566557784,100000.0,0.0,31.83880916817554,21159.0,16275.74194929374,81.33333333333333,4.041451884327381,49938.333333333336,86.58136828055638,49938.333333333336,86.58136828055638,121.24493116552681,307.5857603986244,1000000.0,0.0,0.0,0.0,0.0,0.0,0.0,0.0,0.0,0.0,4.855037530263265,0.23821518744848805,4741.0,242.3778042643344,10.0,0.0,132.67774657047013,86.22677037062316,13.437396049499512,0.8302544944379451,47.87049579620361,2.787831213658488,17.012207252312653,13913.666666666666,5728.029795080795,65.66666666666667,1.5275252316519468,50061.666666666664,86.58136828055638,50061.666666666664,86.58136828055638,87.46999485537883,165.16759165566754,3
cassandra,workload_b,Workload B (Read Heavy),10,1000000,1 GB,workload,22031.785774590902,128.74129023885817,206.04067035876506,390.6666666666667,756.3333333333334,192.89650329323737,337.0,632.0,111.9906421517709,203.22834665746862,2043.5425347222224,2047.9544270833333,202.65364583333334,12.736979166666666,6.115528999441379,5.175956878134818,0.0,0.0,0.0,0.0,0.0,0.0,0.0,0.0,0.0,0.0,18.378599246342976,1.126621967574617,9.206761733612614,0.03252603124165833,0.7688100050914252,0.055216147241066105,2034.8411458333333,15.461848076183829,100000.0,0.0,2.8873444179877343,18657.666666666668,17765.1710189723,75.33333333333333,1.5275252316519468,95001.33333333333,113.80831838373386,95001.33333333333,113.80831838373386,15.534906930308058,44.298231717906454,1000000.0,0.0,0.0,0.0,0.0,0.0,0.0,0.0,0.0,0.0,4.649379173914592,0.02126214505354547,4539.0,26.514147167125703,10.0,0.0,41.529756900459496,15.125296765823533,9.075389862060547,0.05251011959540396,80.95725758870442,0.2518425745643416,3.7548586620003137,5222.333333333333,2642.219016912363,84.66666666666667,2.081665999466133,4998.666666666667,113.80831838373385,4998.666666666667,113.80831838373385,12.767145334803704,63.17436188834834,3
cassandra,workload_f,Workload F (Read-Modify-Write),10,1000000,1 GB,workload,18157.497476574576,1299.1813777654809,211.68329666666668,403.3333333333333,775.3333333333334,178.66566741037732,321.6666666666667,640.6666666666666,172.3498776990364,375.6589230548878,2015.7878689236113,2047.9401041666667,268.1731770833333,27.111979166666668,42.706907685166506,7.747359207593933,0.0,0.0,0.0,0.0,0.0,0.0,0.0,0.0,0.0,0.0,18.653929154078167,0.5525869883812309,34.02138971581799,0.07002255031119142,0.6051087201113263,0.15148033681828513,1938.54296875,44.8152050441523,100000.0,0.0,25.957386418621446,9807.0,1788.6218158123868,79.0,1.0,100000.0,0.0,100000.0,0.0,77.6680972686555,177.15059506909182,1000000.0,0.0,392.18096966503754,50.10900323201749,50060.666666666664,94.70656436242069,710.0,164.54786537661315,1485.3333333333333,285.5736915987419,5.649837255477905,0.4251757676067627,5527.0,411.62725857260716,10.0,0.0,86.3975060856541,5.911643604842657,18.725343068440754,0.7753676093424496,97.49404017130534,3.771822142194181,24.02180034082601,4343.666666666667,1300.7695158379647,67.66666666666667,2.3094010767585034,50060.666666666664,94.70656436242069,50060.666666666664,94.70656436242069,77.46827307571361,165.05251689487602,3
mongodb,workload_a,Workload A (Update Heavy),1,1000000,1 GB,concurrency,6777.457335583888,93.09619043142352,138.01285112699932,239.66666666666666,298.3333333333333,151.29508089412244,251.66666666666666,309.0,73.49839072324733,87.11086528100536,2047.8219401041667,2047.9973958333333,726.8033854166666,869.5625,0.388237394879767,0.056187008095675374,0.0,0.0,0.0,0.0,0.0,0.0,0.0,0.0,0.0,0.0,100.03594867388408,0.45418358928936864,4.691413239918542,0.0022552744890219755,39.90808367810359,3.922438866669621,2047.6276041666667,0.12079937337077057,100000.0,0.0,1.8045689883568656,4094.3333333333335,1074.5126026870664,84.0,0.0,50058.333333333336,239.8860840760325,50058.333333333336,239.8860840760325,2.886751345948129,2.309401076758503,1000000.0,0.0,0.0,0.0,0.0,0.0,0.0,0.0,0.0,0.0,14.848349809646606,0.2041461420418453,14756.666666666666,204.2849317334329,1.0,0.0,35.66034994310598,18.31314866931873,27.70032024383545,0.03017021453858046,67.66784985860188,0.3059479202761604,2.2469297912030006,29193.666666666668,11487.335171106191,100.0,0.0,49941.666666666664,239.8860840760325,49941.666666666664,239.8860840760325,3.7859388972001824,4.58257569495584,3
mongodb,workload_a,Workload A (Update Heavy),10,1000000,1 GB,concurrency,27053.27380847004,3289.3766574082565,279.51136214183276,515.6666666666666,857.6666666666666,426.8578786775692,545.6666666666666,975.3333333333334,375.3136542710392,534.2003001738752,2047.7508680555557,2047.94140625,498.58203125,476.640625,80.50032225862718,0.22958920759961415,0.0,0.0,0.0,0.0,0.0,0.0,0.0,0.0,0.0,0.0,21.851638317108154,1.9235004104734776,69.16957542196455,0.02376079113397742,219.75197239977373,90.7661546972822,2047.4765625,0.5860937291722204,100000.0,0.0,1.9654041702233733,60831.0,16296.673525600247,87.66666666666667,2.3094010767585034,50014.0,172.33978066598553,50014.0,172.33978066598553,4.932882862316247,61.04370019365908,1000000.0,0.0,0.0,0.0,0.0,0.0,0.0,0.0,0.0,0.0,3.838216225306193,0.4335656118106196,3732.0,439.8965787545977,10.0,0.0,32.31037137308393,126.42731187761066,21.160817464192707,1.8167517676508738,51.59458192189535,4.222439729640693,89.34028767389518,218111.0,9925.572628317219,97.0,6.928203230275509,49986.0,172.33978066598553,49986.0,172.33978066598553,1.5275252316519468,100.758787871497,3
mongodb,workload_a,Workload A (Update Heavy),50,1000000,1 GB,concurrency,28010.94868516173,1378.166869493858,1237.7050311801715,2702.3333333333335,7239.0,2102.685414659698,2952.3333333333335,13412.333333333334,303.25980401776826,455.0226222012306,2047.8125,2047.9765625,321.7942708333333,569.0950520833334,182.5756194186686,0.09995344985878114,0.0,0.0,0.0,0.0,0.0,0.0,0.0,0.0,0.0,0.0,20.949641307195026,2.6040374364435124,195.49571902231705,0.02561499423555469,151.49698583430597,170.74611164979675,2047.6484375,0.22072904991541667,100000.0,0.0,94.49607480210013,207273.66666666666,71392.1458238463,94.33333333333333,2.5166114784235836,49965.0,181.8158408940211,49965.0,181.8158408940211,133.72110279732715,1277.522602539775,1000000.0,0.0,0.0,0.0,0.0,0.0,0.0,0.0,0.0,0.0,3.691029151280721,0.1702013456607995,3575.6666666666665,171.78571923571917,50.0,0.0,54.94541057735393,248.5458379744513,13.071178754170736,2.5459163622417407,31.917624791463215,6.143870432871983,77.89071410270112,502441.6666666667,64953.578664561144,109.0,1.7320508075688772,50035.0,181.8158408940211,50035.0,181.8158408940211,169.1192872895736,3073.836256753657,3
mongodb,workload_a,Workload A (Update Heavy),100,1000000,1 GB,concurrency,23808.393936805543,2417.313802772447,2370.2273382120006,4868.333333333333,20169.666666666668,5548.717167973595,8007.0,117332.33333333333,446.97554806215265,637.3563241542498,2047.2486979166667,2047.9791666666667,437.890625,692.31640625,24.76880810041323,1.2697202049552865,0.0,0.0,0.0,0.0,0.0,0.0,0.0,0.0,0.0,0.0,20.354073762893677,1.223765508362675,105.11908773200544,0.02004531812283939,322.8880247311394,6.877128736528386,2045.8294270833333,3.7155652340038414,100000.0,0.0,204.67420054212874,363433.6666666667,138416.32212038193,89.33333333333333,1.5275252316519468,49903.333333333336,40.72263907623539,49903.333333333336,40.72263907623539,450.5877642960729,4192.010178104692,1000000.0,0.0,0.0,0.0,0.0,0.0,0.0,0.0,0.0,0.0,4.348910729090373,0.40589646899196347,4227.666666666667,405.81317540628635,100.0,0.0,161.33516172418626,90.42441036505664,18.863902409871418,7.210795685031117,46.10371176401774,17.647301971624536,605.1336752108721,937812.3333333334,138684.28359887554,115.66666666666667,1.1547005383792517,50096.666666666664,40.72263907623539,50096.666666666664,40.72263907623539,2135.48682974164,30363.35194495715,3
cassandra,workload_a,Workload A (Update Heavy),1,1000000,1 GB,concurrency,6296.372888467959,472.2651306312881,147.79588189052453,253.66666666666666,319.3333333333333,125.99765020820784,203.0,223.0,38.81368274905493,50.50016409995694,1522.9375180844909,1535.7838541666667,240.23828125,54.2421875,0.9128759520568579,437.35992838401376,0.0,0.0,0.0,0.0,0.0,0.0,0.0,0.0,0.0,0.0,73.37668689092,48.92066342564939,3.967054789612653,443.75862933011206,0.9156614678899082,0.25302878282574026,1498.9752604166667,423.77312952044065,100000.0,0.0,18.540056550635807,13668.333333333334,3420.0007797270064,69.66666666666667,1.5275252316519468,34612.666666666664,13312.371401569793,34612.666666666664,13312.371401569793,81.69659315622245,123.55295760657991,1000000.0,0.0,0.0,0.0,0.0,0.0,0.0,0.0,0.0,0.0,16.057385444641113,1.2476250451676127,15944.666666666666,1250.0417326366883,1.0,0.0,415.9966558908886,49.195822412793284,17.46906566619873,0.06913358362810688,39.96434656778971,15.062022876673286,0.9016206430006694,11669.0,8692.450747631534,62.333333333333336,0.5773502691896258,50063.333333333336,126.80825420032141,50063.333333333336,126.80825420032141,0.0,1.0,3
cassandra,workload_a,Workload A (Update Heavy),10,1000000,1 GB,concurrency,22870.046053721668,155.76491938721975,210.59122676847906,383.0,705.3333333333334,168.13934509220636,278.0,529.6666666666666,108.55839009893077,194.20607949047493,1958.2751736111113,1976.3502604166667,110.14192708333333,94.71223958333333,5.25269065449344,1.8950230843062712,0.0,0.0,0.0,0.0,0.0,0.0,0.0,0.0,0.0,0.0,17.644462426503498,0.0778191275331446,2.0322584647022572,3.6452875800601996,0.843865860439255,0.06093258325149026,1922.3294270833333,2.794474390205253,100000.0,0.0,4.553077809804234,11876.333333333334,7106.762225749031,84.66666666666667,0.5773502691896257,50048.666666666664,128.20426409965208,50048.666666666664,128.20426409965208,16.522711641858304,1.5275252316519468,1000000.0,0.0,0.0,0.0,0.0,0.0,0.0,0.0,0.0,0.0,4.491415739059448,0.02827578412074432,4372.666666666667,29.737742572921256,10.0,0.0,45.86041382669583,0.18612505858936845,12.078019460042318,0.08243345525979832,43.56845251719157,0.11245129604200059,1.7679247851984212,7383.0,386.0155437284877,64.66666666666667,1.5275252316519468,49951.333333333336,128.20426409965208,49951.333333333336,128.20426409965208,5.291502622129181,19.295940851208403,3
cassandra,workload_a,Workload A (Update Heavy),50,1000000,1 GB,concurrency,25337.916365620225,54.66078779450388,782.3919013877398,1629.0,3701.6666666666665,697.395170718461,1373.0,3358.3333333333335,133.48944062939742,309.2102593078959,2008.5481770833333,2047.83984375,245.91276041666666,242.8203125,2.7442923107347856,34.745444922428774,0.0,0.0,0.0,0.0,0.0,0.0,0.0,0.0,0.0,0.0,11.857927799224854,0.12847861221504825,7.952391843450327,0.12334104221755425,43.086423014902266,0.9148683198098196,1929.9830729166667,104.39938010059733,100000.0,0.0,10.323717715060907,19567.0,448.0,124.0,15.0996688705415,49916.333333333336,225.3382642458518,49916.333333333336,225.3382642458518,113.96051947933547,161.64570310816597,1000000.0,0.0,0.0,0.0,0.0,0.0,0.0,0.0,0.0,0.0,4.065274238586426,0.007080363437147775,3946.6666666666665,8.504900548115383,50.0,0.0,152.52995282964332,64.48691621306526,8.763960520426432,0.14503031723671292,36.531676292419434,0.7221014833711407,5.793901577442744,19209.666666666668,472.0225983290772,97.66666666666667,10.692676621563628,50083.666666666664,225.3382642458518,50083.666666666664,225.3382642458518,84.48076704197234,137.42391834514592,3
cassandra,workload_a,Workload A (Update Heavy),100,1000000,1 GB,concurrency,25769.748628740035,350.039859115523,1473.3369785351176,3432.3333333333335,5891.0,1340.5036397139504,2959.0,5388.333333333333,165.49268934655595,318.891982574309,1956.0794270833333,2030.0364583333333,227.38932291666666,168.91796875,28.58078650814368,58.60379407185419,0.0,0.0,0.0,0.0,0.0,0.0,0.0,0.0,0.0,0.0,11.002618710199991,0.09779094183056236,6.288520325473769,30.880560946862733,42.169380457953885,0.5105563075125611,1873.515625,118.78328217552186,100000.0,0.0,56.776270898164526,49540.333333333336,26413.157125442867,128.66666666666666,15.885003409925142,49844.0,46.03259714593562,49844.0,46.03259714593562,53.00314456080255,337.3069818429497,1000000.0,0.0,0.0,0.0,0.0,0.0,0.0,0.0,0.0,0.0,4.0071407953898115,0.05568024600906803,3881.0,53.113086899558006,100.0,0.0,58.242622705100466,148.36520016580457,8.723525683085123,0.2750176469494596,37.21316719055176,1.0931702656879614,39.74933376590367,39529.666666666664,11089.850735394653,104.66666666666667,12.662279942148386,50156.0,46.03259714593562,50156.0,46.03259714593562,53.81449618829484,381.91796675900616,3
mongodb,workload_a,Workload A (Update Heavy),10,100000,100 MB,dataset_size,37504.05017364081,697.8095020620776,240.13498995407636,438.3333333333333,681.6666666666666,254.5271444519634,457.6666666666667,682.0,311.2618691545327,376.2550463362724,2047.599609375,2047.8333333333333,0.0,10.444010416666666,5.717779755689045,0.10874539771152386,0.0,0.0,0.0,0.0,0.0,0.0,0.0,0.0,0.0,0.0,2.549972136815389,0.10752471132159731,11.92275577586614,0.12502034339666818,246.26869197279302,2.1802098852848557,2047.3658854166667,0.15888084646173004,100000.0,0.0,3.863736048496857,22783.0,690.2289475239357,87.33333333333333,6.506407098647712,49937.333333333336,203.4313971178818,49937.333333333336,203.4313971178818,1.1547005383792517,8.144527815247079,100000.0,0.0,0.0,0.0,0.0,0.0,0.0,0.0,0.0,0.0,2.771562417348226,0.04770977957941152,2667.0,50.08991914547278,10.0,0.0,0.0,0.10188750083067516,22.373657544453938,0.02971544040975801,54.43121496836344,0.1275060504475611,4.281739311036948,22591.0,880.4362555006467,102.33333333333333,5.507570547286102,50062.666666666664,203.4313971178818,50062.666666666664,203.4313971178818,1.1547005383792517,14.177446878757825,3
mongodb,workload_a,Workload A (Update Heavy),10,1000000,1 GB,dataset_size,26022.74243787095,6154.80597856345,300.1177864270703,521.6666666666666,893.6666666666666,456.5466394543177,545.3333333333334,988.6666666666666,325.9609821271575,483.9835520571282,2047.6197916666667,2047.8606770833333,592.515625,822.19140625,187.4253528182297,0.16979086784065664,0.0,0.0,0.0,0.0,0.0,0.0,0.0,0.0,0.0,0.0,23.74652115503947,3.2265819597492875,180.54144554747793,0.0737374746602488,190.55021990872015,145.3363623517817,2047.2747395833333,0.6046028754846199,100000.0,0.0,37.34018781969567,134857.66666666666,92515.84818469392,91.0,1.0,50008.666666666664,129.3303264255269,50008.666666666664,129.3303264255269,21.385353243127252,104.71071260063763,1000000.0,0.0,0.0,0.0,0.0,0.0,0.0,0.0,0.0,0.0,4.088587999343872,0.858252704722833,3977.3333333333335,856.7988873319883,10.0,0.0,50.58274845160125,171.14299751419728,23.002248128255207,0.5363688558328564,56.12052567799886,1.168577854009602,162.56920805651666,201129.66666666666,160029.55673666456,101.66666666666667,4.041451884327381,49991.333333333336,129.3303264255269,49991.333333333336,129.3303264255269,21.54839514519198,152.8474184712759,3
mongodb,workload_a,Workload A (Update Heavy),10,10000000,10 GB,dataset_size,20672.32528597847,193.6153775120248,398.33619437392707,608.6666666666666,1237.6666666666667,529.6060989922711,631.0,1283.0,351.72955073500754,496.23923656506304,2047.732638888889,2047.9361979166667,1759.9583333333333,705.0052083333334,114.17980793743033,0.06892847598624115,0.0,0.0,0.0,0.0,0.0,0.0,0.0,0.0,0.0,0.0,320.1113890012105,20.52835850804055,180.37012717412384,0.0566518487442893,103.42037900476573,15.099801412562794,2047.4869791666667,0.12791601986467854,100000.0,0.0,4.504174162143866,63508.333333333336,19605.278200865534,95.66666666666667,2.5166114784235836,49917.333333333336,113.37695239039253,49917.333333333336,113.37695239039253,1.5275252316519468,166.3079472945696,10000000.0,0.0,0.0,0.0,0.0,0.0,0.0,0.0,0.0,0.0,4.946069717407227,0.05002979280733124,4837.666666666667,45.08140784551136,10.0,0.0,151.89470364995466,122.65705328741073,26.2432435353597,1.7210589687846571,63.9616003036499,4.195844834725175,5.330519677251812,198569.66666666666,12340.111722887008,105.66666666666667,2.3094010767585034,50082.666666666664,113.37695239039253,50082.666666666664,113.37695239039253,3.605551275463989,165.35718913914812,3
cassandra,workload_a,Workload A (Update Heavy),10,100000,100 MB,dataset_size,23364.277406290075,237.52000909544432,191.60835129088946,307.3333333333333,621.0,167.91468581273514,274.6666666666667,550.0,76.0888928112273,175.62347321296872,908.9661458333334,916.1171875,0.032552083333333336,37.361979166666664,4.189245426105469,8.373476209292173,0.0,0.0,0.0,0.0,0.0,0.0,0.0,0.0,0.0,0.0,4.412838141123454,0.00879388893221386,2.2703425057593,8.532207728694019,0.9799216653833676,0.01842361883719363,894.8671875,8.06082017535524,100000.0,0.0,2.7820652977820943,10711.0,2402.2922386753867,72.66666666666667,4.509249752822894,50091.0,121.87288459702593,50091.0,121.87288459702593,2.309401076758503,20.074859899884732,100000.0,0.0,0.0,0.0,0.0,0.0,0.0,0.0,0.0,0.0,4.398579359054565,0.04105168496781466,4280.333333333333,43.54690957270485,10.0,0.0,0.05303492670420912,0.1795317486212977,11.749018351236979,0.14992473795927375,42.72811190287272,0.29502323284738435,3.5620337646663356,12129.666666666666,4943.626738876362,62.0,2.0,49909.0,121.87288459702593,49909.0,121.87288459702593,0.5773502691896258,17.578395831246947,3
cassandra,workload_a,Workload A (Update Heavy),10,1000000,1 GB,dataset_size,22723.71413699778,233.29536349625866,213.82067150592488,395.0,745.3333333333334,169.29134078799962,278.3333333333333,554.3333333333334,107.88721352178942,201.60893686191244,1994.5755208333333,2023.3203125,147.71223958333334,51.8515625,7.632882673916099,26.74955909183415,0.0,0.0,0.0,0.0,0.0,0.0,0.0,0.0,0.0,0.0,17.824046452840168,0.23473069683444522,9.210860455886714,42.46908037002433,0.8575235474006117,0.10586501667304148,1937.36328125,5.404945877749957,100000.0,0.0,7.005502315273614,13293.666666666666,9346.200368777321,80.0,2.0,50019.333333333336,64.46963109351049,50019.333333333336,64.46963109351049,16.09347693943108,53.79900866496829,1000000.0,0.0,0.0,0.0,0.0,0.0,0.0,0.0,0.0,0.0,4.518201192220052,0.045427931374390405,4401.0,45.43126676640219,10.0,0.0,42.46554790642072,37.87448532711627,12.173388799031576,0.08635506349428758,43.95355224609375,0.3156215308054387,2.0960170278257166,8200.333333333334,1133.7324787326743,65.33333333333333,3.511884584284246,49980.666666666664,64.46963109351049,49980.666666666664,64.46963109351049,4.041451884327381,6.350852961085883,3
cassandra,workload_a,Workload A (Update Heavy),10,10000000,10 GB,dataset_size,15222.227053670033,228.12857876617784,607.6201710077404,1156.0,3224.3333333333335,204.62045689527963,400.0,768.6666666666666,292.3143800232597,571.7201919929689,2047.275390625,2047.9778645833333,4587.895833333333,658.91015625,20.989912682533106,0.9532165483377334,0.0,0.0,0.0,0.0,0.0,0.0,0.0,0.0,0.0,0.0,154.58385586738586,0.21885723644390076,20.573573346906727,0.023545756927116045,43.07901353383459,3.311211740943921,2045.3372395833333,3.7955613028695963,100000.0,0.0,17.94061218318198,65679.0,48611.40475238295,125.66666666666667,10.598742063723098,49970.666666666664,83.96626306638478,49970.666666666664,83.96626306638478,44.30575583375144,216.97311661432468,10000000.0,0.0,0.0,0.0,0.0,0.0,0.0,0.0,0.0,0.0,6.689883550008138,0.09995524756368615,6570.333333333333,99.32438438436623,10.0,0.0,76.01648586892634,67.43959575292087,15.296086947123209,0.045446604937161406,51.700918197631836,0.09697328814402426,3.2530763891613805,26159.0,8545.453059961186,70.33333333333333,2.0816659994661326,50029.333333333336,83.96626306638478,50029.333333333336,83.96626306638478,16.703293088490067,6.429100507328636,3
mongodb,workload_bulk,Bulk Load (100% Inserts),10,1000000,1 GB,bulk_load,36197.452623118275,988.6482991152634,0.0,0.0,0.0,0.0,0.0,0.0,309.67934590128897,404.83157444421045,2047.6829427083333,2047.8111979166667,0.0,221.31640625,31.216729984455643,0.06502273553202532,245.40301683501684,7.553900095907176,99000.0,0.0,99000.0,0.0,453.6666666666667,18.556220879622373,864.3333333333334,85.44198811669432,22.74695412317912,2.0134318914191707,51.514897516581826,0.08234068621751238,214.52711735836746,18.520642088130977,2047.5546875,0.18284421466356954,100000.0,0.0,0.0,0.0,0.0,0.0,0.0,0.0,0.0,0.0,0.0,0.0,0.0,1000000.0,0.0,0.0,0.0,0.0,0.0,0.0,0.0,0.0,0.0,2.8725546995798745,0.08077153022423737,2764.0,75.50496672405067,10.0,0.0,0.0,212.0589812301892,103.87715721130371,0.5615055180729248,9.249427795410156,0.051006326553449985,0.0,0.0,0.0,0.0,0.0,0.0,0.0,0.0,0.0,0.0,0.0,3
cassandra,workload_bulk,Bulk Load (100% Inserts),10,1000000,1 GB,bulk_load,23140.42531468626,204.3002991125635,0.0,0.0,0.0,0.0,0.0,0.0,104.94276153578356,194.11527550458527,1839.2586805555554,1958.3203125,46.1640625,378.26953125,24.761654106134785,87.29867120487063,183.60382333333334,3.2580489072654055,100000.0,0.0,100000.0,0.0,296.6666666666667,11.71893055416463,643.3333333333334,51.316014394468844,18.140294392903645,0.49236674136126357,23.8009230485287,155.2418277573709,19.263685217738,16.07274055920624,1699.6966145833333,37.02250550543196,100000.0,0.0,0.0,0.0,0.0,0.0,0.0,0.0,0.0,0.0,0.0,0.0,0.0,1000000.0,0.0,0.0,0.0,0.0,0.0,0.0,0.0,0.0,0.0,4.434442758560181,0.04299336664189711,4321.666666666667,38.214307966170644,10.0,0.0,44.84484172914332,164.19097150916085,82.74445660909016,1.4444222736273298,4.776205062866211,0.0725755354300402,0.0,0.0,0.0,0.0,0.0,0.0,0.0,0.0,0.0,0.0,0.0,3
mongodb,workload_stress,Stress Test (Workload A),1,1000000,1 GB,stress,6675.769687029766,44.9416169911507,140.77258555513063,244.0,306.3333333333333,152.96959055252088,255.66666666666666,317.0,75.68787451425449,87.07392723352687,2047.8289388020833,2047.9986979166667,796.0143229166666,891.5234375,2.538652437110768,0.011276372445109878,0.0,0.0,0.0,0.0,0.0,0.0,0.0,0.0,0.0,0.0,99.25034650166829,0.7091497076958109,7.424412048818137,0.0022552744890219755,41.3166451328207,4.1739126034669205,2047.5559895833333,0.09697680302794495,100000.0,0.0,1.1998787190913311,15809.666666666666,10548.63125402217,84.0,0.0,50090.333333333336,196.47476513113162,50090.333333333336,196.47476513113162,2.0,3.511884584284246,1000000.0,0.0,0.0,0.0,0.0,0.0,0.0,0.0,0.0,0.0,15.074310223261515,0.1016311242223128,14980.0,101.12863096077193,1.0,0.0,17.630352244688986,108.48218667901268,27.626059532165527,0.13041130533616604,67.48699156443278,0.3725086673992232,0.9205813639797507,9741.0,9906.870545232738,100.0,0.0,49909.666666666664,196.47476513113162,49909.666666666664,196.47476513113162,1.5275252316519465,2.6457513110645907,3
mongodb,workload_stress,Stress Test (Workload A),10,1000000,1 GB,stress,27770.18261168589,4156.894883987191,281.1147718694631,533.0,842.3333333333334,409.2189630941138,556.6666666666666,928.6666666666666,312.7542827529234,437.5313801162594,2047.6124131944443,2047.7278645833333,508.5169270833333,698.9817708333334,106.7808252985132,0.27078742265783196,0.0,0.0,0.0,0.0,0.0,0.0,0.0,0.0,0.0,0.0,25.370420058568318,3.0261150394981713,154.39380619273743,0.3023329832277581,190.9089485736355,76.5913353366714,2047.4830729166667,0.23678234156846628,100000.0,0.0,0.827925653225104,63881.666666666664,37070.12281249326,88.33333333333333,0.5773502691896257,49792.666666666664,204.82756975889092,49792.666666666664,204.82756975889092,19.313207915827967,63.95571384429489,1000000.0,0.0,0.0,0.0,0.0,0.0,0.0,0.0,0.0,0.0,3.7621848583221436,0.5383510919509348,3654.0,533.0168852860104,10.0,0.0,96.0624495940282,328.4591721972404,19.667092323303223,4.800891591580141,47.78192679087321,11.567815979475917,106.24258320622155,166991.0,122195.94075091038,103.66666666666667,1.5275252316519468,50207.333333333336,204.82756975889092,50207.333333333336,204.82756975889092,13.203534880225574,44.52340208624374,3
mongodb,workload_stress,Stress Test (Workload A),25,1000000,1 GB,stress,30579.052929272555,3858.8908762961178,652.9069191098243,1318.3333333333333,2813.6666666666665,884.7197079481097,1366.0,3434.3333333333335,334.8580908988674,430.8290869730031,2047.537109375,2047.8828125,408.796875,393.7942708333333,127.99182852186733,0.5143843087041202,0.0,0.0,0.0,0.0,0.0,0.0,0.0,0.0,0.0,0.0,22.090328375498455,0.057772388943586196,142.88378459235628,0.16355016730826813,238.88709482473166,140.65399950544258,2047.19140625,0.8660606417314264,100000.0,0.0,16.29637869387011,91593.66666666667,60730.55683371702,88.66666666666667,1.5275252316519468,50004.333333333336,196.89167918765213,50004.333333333336,196.89167918765213,59.3408234972631,240.3858010227171,1000000.0,0.0,0.0,0.0,0.0,0.0,0.0,0.0,0.0,0.0,3.4169331391652427,0.41900281799979955,3305.3333333333335,418.5753615937437,25.0,0.0,93.4112660607659,53.58621105260156,17.25341860453288,5.3217014355435515,42.09739430745443,12.888980523916077,201.69500471789314,244532.33333333334,213784.92868612916,103.33333333333333,4.163331998932265,49995.666666666664,196.89167918765213,49995.666666666664,196.89167918765213,59.732738092272314,389.36015889319407,3
mongodb,workload_stress,Stress Test (Workload A),50,1000000,1 GB,stress,26544.412584318587,2767.4009912409783,1212.08345842424,2673.0,6993.666666666667,2349.5034124365175,2967.0,16111.0,377.80293242002585,574.6627581305717,2047.3519965277776,2047.9544270833333,374.8580729166667,724.6796875,156.66958202931227,0.9043998296524829,0.0,0.0,0.0,0.0,0.0,0.0,0.0,0.0,0.0,0.0,20.278478225072224,0.9609964620667051,225.6193716488482,0.07227442232488498,207.44713659077016,115.12120169184664,2046.3645833333333,2.3987375541816047,100000.0,0.0,107.34122481301645,211668.33333333334,88096.39714161603,92.66666666666667,2.081665999466133,50192.666666666664,212.63191983644725,50192.666666666664,212.63191983644725,273.4739475708792,1406.7399664946374,1000000.0,0.0,0.0,0.0,0.0,0.0,0.0,0.0,0.0,0.0,3.902953545252482,0.40315271915755085,3795.6666666666665,409.0871952693378,50.0,0.0,87.854337068977,115.7229100735613,16.557283719380695,5.497074570029437,40.72819868723551,13.740500559490588,433.94735005391965,685737.6666666666,42865.54184112611,110.66666666666667,7.76745346515403,49807.333333333336,212.63191983644725,49807.333333333336,212.63191983644725,229.7912095794789,4775.825792467728,3
mongodb,workload_stress,Stress Test (Workload A),75,1000000,1 GB,stress,25606.044916600087,861.2344428312917,1986.818714775404,4363.0,15772.333333333334,3214.015251661527,5075.0,28132.333333333332,416.2574966399814,597.7654149282135,2047.433376736111,2047.9713541666667,488.7565104166667,479.7591145833333,99.38458618654185,0.6418961592098182,0.0,0.0,0.0,0.0,0.0,0.0,0.0,0.0,0.0,0.0,17.798675696055096,0.28484875491879363,74.92093517802455,0.014788823817188212,232.5036739200615,128.09573206345354,2046.5520833333333,1.86425278218175,100000.0,0.0,79.1308467192718,333311.0,97843.25358449605,92.66666666666667,1.5275252316519468,49983.666666666664,23.43786110832926,49983.666666666664,23.43786110832926,42.14261501141095,848.3144071235224,1000000.0,0.0,0.0,0.0,0.0,0.0,0.0,0.0,0.0,0.0,4.024820804595947,0.1360010125517042,3908.3333333333335,134.0385516682918,75.0,0.0,35.48468855071637,211.99088959941807,21.68291409810384,1.762394761610035,52.92299874623617,4.390301328852275,398.11242909722677,564991.0,97458.69902681853,118.66666666666667,10.066445913694334,50016.333333333336,23.43786110832926,50016.333333333336,23.43786110832926,512.5153656233148,7456.0057224584625,3
mongodb,workload_stress,Stress Test (Workload A),100,1000000,1 GB,stress,26321.74164536328,2952.76522630596,2381.783921913297,5376.333333333333,18953.666666666668,4783.654377273745,7271.0,91327.0,376.22181676906797,583.9991120691058,2047.0162760416667,2047.9466145833333,437.4817708333333,688.5286458333334,177.96514884633834,1.3275279180221617,0.0,0.0,0.0,0.0,0.0,0.0,0.0,0.0,0.0,0.0,18.79636303583781,0.4556552797538366,230.91145358119527,0.04355658511374409,203.22762111755915,149.15585493983653,2045.2708333333333,4.052779712346811,100000.0,0.0,155.87753821134442,288895.0,87414.06678561523,98.0,5.196152422706632,49989.333333333336,182.53858039694876,49989.333333333336,182.53858039694876,556.9392546169944,1785.7987941908052,1000000.0,0.0,0.0,0.0,0.0,0.0,0.0,0.0,0.0,0.0,3.950085242589315,0.4302258695936869,3831.6666666666665,435.80309009153814,100.0,0.0,109.89713376594075,157.43274264273617,16.938879648844402,5.651984045921268,41.273780504862465,13.596093375388646,892.6879259361727,802985.6666666666,145798.08708393032,115.66666666666667,4.163331998932265,50010.666666666664,182.53858039694876,50010.666666666664,182.53858039694876,1126.1332070408012,61831.41156402626,3
cassandra,workload_stress,Stress Test (Workload A),1,1000000,1 GB,stress,5697.913191083968,101.34411165999093,170.69088527806943,328.3333333333333,515.0,128.68290405454897,203.33333333333334,227.0,43.91850093211885,79.71156578922296,2039.6393229166667,2047.98828125,770.4869791666666,226.27864583333334,2.1209110589126285,8.382326918202365,0.0,0.0,0.0,0.0,0.0,0.0,0.0,0.0,0.0,0.0,128.11646429697672,0.42645443215616086,17.08982234206969,0.01171875,0.7453,0.021464156167899977,2007.24609375,36.608380501590325,100000.0,0.0,5.170740210354602,14945.666666666666,4126.296806257802,74.66666666666667,2.081665999466133,50048.333333333336,91.13360156020025,50048.333333333336,91.13360156020025,11.015141094572204,139.53852514628352,1000000.0,0.0,0.0,0.0,0.0,0.0,0.0,0.0,0.0,0.0,17.660686016082764,0.31849901770965877,17554.0,313.32570912709986,1.0,0.0,23.563878782154926,138.60435924271053,17.535690625508625,0.009444905658346422,57.49074459075928,0.09648073149718625,1.802640781216092,15991.0,17549.161119552125,62.0,0.0,49951.666666666664,91.13360156020025,49951.666666666664,91.13360156020025,0.5773502691896258,1.0,3
cassandra,workload_stress,Stress Test (Workload A),10,1000000,1 GB,stress,22791.34234879357,79.67550247632205,211.33503877531157,385.3333333333333,700.6666666666666,169.0504574562656,280.6666666666667,546.6666666666666,110.42633793299005,191.95747379287923,1963.0473090277776,1978.2278645833333,119.96744791666667,94.75390625,2.9915453507513763,1.94426520596267,0.0,0.0,0.0,0.0,0.0,0.0,0.0,0.0,0.0,0.0,17.974841515223186,0.5580248341336771,2.465420537694679,6.812090473523245,0.8848178086003299,0.04691743720472002,1932.8424479166667,10.482512913689975,100000.0,0.0,1.781724556525912,8537.666666666666,224.19039527449283,84.66666666666667,3.055050463303893,49979.333333333336,53.125637251079944,49979.333333333336,53.125637251079944,16.19670748434179,27.75487945088815,1000000.0,0.0,0.0,0.0,0.0,0.0,0.0,0.0,0.0,0.0,4.500902414321899,0.019865746931491714,4387.666666666667,15.30795000427338,10.0,0.0,37.07923371588681,0.18602938905922903,12.159029960632324,0.17547404451077483,43.70270665486654,0.4725639139886694,1.159808551801715,7855.0,143.05243793798132,63.666666666666664,4.041451884327381,50020.666666666664,53.125637251079944,50020.666666666664,53.125637251079944,3.511884584284246,16.258331197676263,3
cassandra,workload_stress,Stress Test (Workload A),25,1000000,1 GB,stress,24192.200805900706,305.2433098785425,457.2041897807582,953.3333333333334,2433.0,371.3902077782424,706.6666666666666,1776.3333333333333,118.08105444688253,278.2909127749299,1918.5520833333333,2047.953125,363.2526041666667,459.51171875,5.720768953447862,8.884788118277514,0.0,0.0,0.0,0.0,0.0,0.0,0.0,0.0,0.0,0.0,13.278966824213663,0.13594473057641113,2.629291685104441,0.03382911733532964,31.552324992996166,13.426617596164295,1659.8802083333333,26.74550051296109,100000.0,0.0,19.198317353568996,22652.333333333332,9884.013220010045,95.33333333333333,5.507570547286102,49996.666666666664,159.89475705392385,49996.666666666664,159.89475705392385,45.32475409015843,433.55737797897064,1000000.0,0.0,0.0,0.0,0.0,0.0,0.0,0.0,0.0,0.0,4.245803674062093,0.053297957845384845,4134.0,51.884487084291386,25.0,0.0,50.17470916121423,15.777668703326041,9.917522430419922,0.13140138158815837,39.018304189046226,0.34767573800173196,3.601677419880695,15913.666666666666,4684.868123366264,78.66666666666667,7.3711147958319945,50003.333333333336,159.89475705392385,50003.333333333336,159.89475705392385,16.441816606851365,36.11555528208494,3
cassandra,workload_stress,Stress Test (Workload A),50,1000000,1 GB,stress,25355.380477595114,124.86739811389661,782.1499464100376,1663.0,3749.0,690.3145463132038,1373.6666666666667,3238.3333333333335,130.57709616398688,302.96860972551394,2003.9409722222224,2047.9622395833333,250.26692708333334,227.0859375,1.3842549659420622,38.07889091537576,0.0,0.0,0.0,0.0,0.0,0.0,0.0,0.0,0.0,0.0,11.788342237472534,0.08561131591897092,4.9199694861530405,0.026009094212810127,43.04488076560153,0.7537948267683574,1916.0104166666667,114.14952843850362,100000.0,0.0,14.060214196217776,20052.333333333332,880.1939180279159,114.33333333333333,5.686240703077327,50212.0,177.0,50212.0,177.0,20.663978319771825,133.5514881983724,1000000.0,0.0,0.0,0.0,0.0,0.0,0.0,0.0,0.0,0.0,4.066251913706462,0.01993627138762208,3944.0,19.467922333931785,50.0,0.0,147.77187955234893,58.776903720855714,8.855047861735025,0.1564601185589132,37.18301804860433,0.6915713712609324,3.8020134722211867,19289.666666666668,616.0173157739426,82.33333333333333,5.131601439446884,49788.0,177.0,49788.0,177.0,29.022979401386987,113.49596174901261,3
cassandra,workload_stress,Stress Test (Workload A),75,1000000,1 GB,stress,25703.169205928483,155.9772160436132,1126.9626118170565,2499.0,5103.0,1010.789443567695,2123.6666666666665,4609.666666666667,168.03882382681232,319.746404807342,1995.7825520833333,2047.8294270833333,203.12760416666666,173.09765625,20.489457940351166,37.1842103331204,0.0,0.0,0.0,0.0,0.0,0.0,0.0,0.0,0.0,0.0,11.5933358669281,0.36875539347562175,11.32857599875193,0.2491848690397018,46.081668478718306,4.705691947816131,1912.2513020833333,128.89884426722418,100000.0,0.0,16.1143519662773,29268.333333333332,3366.710758787178,131.33333333333334,5.033222956847166,49953.0,186.66279757894984,49953.0,186.66279757894984,100.47885349664377,347.88503848254237,1000000.0,0.0,0.0,0.0,0.0,0.0,0.0,0.0,0.0,0.0,4.011400540669759,0.02245846015457603,3890.6666666666665,23.692474191889147,75.0,0.0,50.8337958809909,197.39006764817813,8.47857697804769,0.29910438992945104,36.02572854359945,1.0685593476518542,22.666056494740168,28697.666666666668,4097.510138283166,97.66666666666667,14.6401275039985,50047.0,186.66279757894984,50047.0,186.66279757894984,40.414518843273804,304.0350856946174,3
cassandra,workload_stress,Stress Test (Workload A),100,1000000,1 GB,stress,25687.362703655435,307.11215320491334,1484.8134983381287,3497.6666666666665,6560.333333333333,1362.7842544985654,3087.0,6116.333333333333,150.14422449043303,321.3341041874533,1946.236111111111,2043.4205729166667,233.06380208333334,178.29947916666666,27.457930933898517,68.09439322470112,0.0,0.0,0.0,0.0,0.0,0.0,0.0,0.0,0.0,0.0,11.011838038762411,0.07401439282157257,0.3589887523237515,7.689516707546582,39.93339574645538,4.062561475919543,1811.87890625,129.14258821244817,100000.0,0.0,54.29281942743407,34729.666666666664,2872.9394935037067,131.0,2.6457513110645907,49880.666666666664,162.54332755709578,49880.666666666664,162.54332755709578,308.5082386798339,345.14537999708665,1000000.0,0.0,0.0,0.0,0.0,0.0,0.0,0.0,0.0,0.0,4.012008269627889,0.052846985791216106,3893.3333333333335,46.23130252689549,100.0,0.0,68.66199193553877,155.68173501535418,8.597535133361816,0.47330565109352424,36.889635721842446,1.8938936774705943,38.64830213096018,32191.0,747.2188434454795,108.0,8.18535277187245,50119.333333333336,162.54332755709578,50119.333333333336,162.54332755709578,277.75528797846493,400.52632040021206,3
